Workbook

Sheet Cover Page
B4: FALCON FREIGHT SOLUTIONS
B6: Enterprise Risk Register
B8: Governance, Risk & Compliance | Consolidated Enterprise, Third-Party & Technical Risk Register
B10: CONFIDENTIAL – INTERNAL USE ONLY
B13: Document Title | D13: Falcon Freight Solutions – Enterprise Risk Register
B14: Document Owner | D14: Head of Legal & Compliance
B15: Approved By | D15: Executive Risk & Compliance Committee
B16: Version | D16: 1.0
B17: Effective Date | D17: 30-Jul-2026
B18: Next Review Date | D18: 30-Jan-2027 (semi-annual review cycle)
B19: Scope | D19: Johannesburg HQ; Southern & East Africa regional offices; cloud shipment tracking platform; on-premise warehouse management system; third-party vendors and delivery contractors
B20: Applicable Frameworks | D20: ISO/IEC 27001:2022, ISO 31000, NIST Cybersecurity Framework (CSF), GDPR
B22: This register consolidates risk identification, assessment, and treatment across governance, operational, technical, and third-party risk domains, aligned to the frameworks named above.

Sheet Executive Dashboard
B2: EXECUTIVE RISK DASHBOARD
B3: Falcon Freight Solutions | As of 30 July 2026 | Source: Master Risk Register (12 risks) & Third-Party Vendor Register (5 vendors)
B5: TOTAL IDENTIFIED RISKS | D5: CRITICAL / HIGH INHERENT RISKS | F5: AVERAGE INHERENT SCORE | H5: AVERAGE RESIDUAL SCORE
B6: =COUNTA('Master Risk Register'!$A$5:$A$16) -> 12 | D6: =COUNTIF('Master Risk Register'!$I$5:$I$16,"Critical")+COUNTIF('Master Risk Register'!$I$5:$I$16,"High") -> 10 | F6: =ROUND(AVERAGE('Master Risk Register'!$H$5:$H$16),1) -> 13 | H6: =ROUND(AVERAGE('Master Risk Register'!$M$5:$M$16),1) -> 4.5
B8: RISK REDUCTION EFFICIENCY | D8: RISKS EXCEEDING APPETITE | F8: RISKS OVERDUE FOR REVIEW | H8: THIRD-PARTY VENDORS TRACKED
B9: =(AVERAGE('Master Risk Register'!$H$5:$H$16)-AVERAGE('Master Risk Register'!$M$5:$M$16))/AVERAGE('Master Risk Register'!$H$5:$H$16) -> 0.65384615 | D9: =COUNTIF('Master Risk Register'!$O$5:$O$16,"Exceeds Appetite") -> 0 | F9: =COUNTIF('Master Risk Register'!$R$5:$R$16,"<"&TODAY()) -> 0 | H9: =COUNTA('Third-Party Vendor Register'!$A$5:$A$9) -> 5
B12: Status | C12: Count | E12: Appetite | F12: Count
B13: Active | C13: =COUNTIF('Master Risk Register'!$S$5:$S$16,B13) -> 12 | E13: Within Appetite | F13: =COUNTIF('Master Risk Register'!$O$5:$O$16,E13) -> 12
B14: Monitoring | C14: =COUNTIF('Master Risk Register'!$S$5:$S$16,B14) -> 0 | E14: Exceeds Appetite | F14: =COUNTIF('Master Risk Register'!$O$5:$O$16,E14) -> 0
B15: Mitigated | C15: =COUNTIF('Master Risk Register'!$S$5:$S$16,B15) -> 0
B16: Closed | C16: =COUNTIF('Master Risk Register'!$S$5:$S$16,B16) -> 0
B19: Category | C19: Count
B20: ='Risk Analytics'!A4 -> Compliance / Legal | C20: ='Risk Analytics'!B4 -> 1
B21: ='Risk Analytics'!A5 -> Operational / Third-Party | C21: ='Risk Analytics'!B5 -> 3
B22: ='Risk Analytics'!A6 -> Technical / Infrastructure | C22: ='Risk Analytics'!B6 -> 2
B23: ='Risk Analytics'!A7 -> Technical / Cyber | C23: ='Risk Analytics'!B7 -> 2
B24: ='Risk Analytics'!A8 -> Operational | C24: ='Risk Analytics'!B8 -> 2
B25: ='Risk Analytics'!A9 -> Technical / Cloud | C25: ='Risk Analytics'!B9 -> 1
B26: ='Risk Analytics'!A10 -> Governance | C26: ='Risk Analytics'!B10 -> 1
B56: All figures on this dashboard are calculated live from the Master Risk Register and Third-Party Vendor Register sheets. See the Risk Methodology sheet for scoring definitions and the Board-approved risk appetite statement.

Sheet Master Risk Register
A1: FALCON FREIGHT SOLUTIONS – MASTER RISK REGISTER
A2: Enterprise, Governance, Operational & Technical Risks | Board-Approved Residual Risk Appetite Ceiling: Score ≤ 8 (Medium)
A4: Risk ID | B4: Category | C4: Risk Description | D4: Risk Owner | E4: Date Identified | F4: Inh. Prob (1-5) | G4: Inh. Impact (1-5) | H4: Inherent Score | I4: Inherent Rating | J4: Mitigation / Control Measures | K4: Res. Prob (1-5) | L4: Res. Impact (1-5) | M4: Residual Score | N4: Residual Rating | O4: Appetite Status | P4: Framework Mapping | Q4: Last Reviewed | R4: Next Review Due | S4: Status
A5: RSK-001 | B5: Compliance / Legal | C5: Non-compliance with GDPR and cross-border data protection requirements due to lack of localized data processing agreements for international client shipments | D5: Head of Legal & Compliance | E5: 15-Jan-2026 | F5: 4 | G5: 5 | H5: =F5*G5 -> 20 | I5: =IF(H5>=15,"Critical",IF(H5>=10,"High",IF(H5>=5,"Medium","Low"))) -> Critical | J5: Conduct Data Protection Impact Assessments (DPIAs); implement GDPR-aligned Standard Contractual Clauses (SCCs); appoint a Data Protection Officer (DPO) for cross-border operations. | K5: 2 | L5: 4 | M5: =K5*L5 -> 8 | N5: =IF(M5>=15,"Critical",IF(M5>=10,"High",IF(M5>=5,"Medium","Low"))) -> Medium | O5: =IF(M5>8,"Exceeds Appetite","Within Appetite") -> Within Appetite | P5: GDPR; ISO/IEC 27001:2022 A.18 | Q5: 10-Apr-2026 | R5: 09-Oct-2026 | S5: Active
A6: RSK-002 | B6: Operational / Third-Party | C6: Customer and shipment data breach at a subcontracted last-mile delivery partner leading to exposure of customer PII and loss of cargo tracking data | D6: VP of Supply Chain & Logistics | E6: 15-Jan-2026 | F6: 4 | G6: 4 | H6: =F6*G6 -> 16 | I6: =IF(H6>=15,"Critical",IF(H6>=10,"High",IF(H6>=5,"Medium","Low"))) -> Critical | J6: Mandate vendor security assessments prior to onboarding; embed right-to-audit and security SLA clauses in subcontractor agreements; require MFA for all partner portal access. | K6: 2 | L6: 3 | M6: =K6*L6 -> 6 | N6: =IF(M6>=15,"Critical",IF(M6>=10,"High",IF(M6>=5,"Medium","Low"))) -> Medium | O6: =IF(M6>8,"Exceeds Appetite","Within Appetite") -> Within Appetite | P6: ISO/IEC 27001:2022 A.15; GDPR | Q6: 01-May-2026 | R6: 30-Oct-2026 | S6: Active
A7: RSK-003 | B7: Technical / Infrastructure | C7: Ransomware attack against the legacy on-premise warehouse management system causing critical operational downtime and potential data loss | D7: Director of IT & Security | E7: 15-Jan-2026 | F7: 3 | G7: 5 | H7: =F7*G7 -> 15 | I7: =IF(H7>=15,"Critical",IF(H7>=10,"High",IF(H7>=5,"Medium","Low"))) -> Critical | J7: Deploy endpoint detection and response (EDR); implement automated air-gapped, immutable offsite backups; conduct annual business continuity and disaster recovery (BCDR) drills. | K7: 1 | L7: 4 | M7: =K7*L7 -> 4 | N7: =IF(M7>=15,"Critical",IF(M7>=10,"High",IF(M7>=5,"Medium","Low"))) -> Low | O7: =IF(M7>8,"Exceeds Appetite","Within Appetite") -> Within Appetite | P7: ISO/IEC 27001:2022 A.12; NIST CSF (Protect / Recover) | Q7: 01-Jun-2026 | R7: 30-Nov-2026 | S7: Active
A8: RSK-004 | B8: Technical / Cyber | C8: Phishing or social engineering attacks targeting dispatch and warehouse staff leading to credential theft and unauthorized system access | D8: Director of IT & Security | E8: 15-Jan-2026 | F8: 4 | G8: 4 | H8: =F8*G8 -> 16 | I8: =IF(H8>=15,"Critical",IF(H8>=10,"High",IF(H8>=5,"Medium","Low"))) -> Critical | J8: Implement mandatory multi-factor authentication (MFA); run quarterly simulated phishing campaigns; deploy DMARC/DKIM email anti-spoofing controls. | K8: 2 | L8: 3 | M8: =K8*L8 -> 6 | N8: =IF(M8>=15,"Critical",IF(M8>=10,"High",IF(M8>=5,"Medium","Low"))) -> Medium | O8: =IF(M8>8,"Exceeds Appetite","Within Appetite") -> Within Appetite | P8: NIST CSF; ISO/IEC 27001:2022 A.7.2.2 | Q8: 15-May-2026 | R8: 13-Nov-2026 | S8: Active
A9: RSK-005 | B9: Operational | C9: Unplanned outage of the on-premise warehouse management system due to hardware failure or inadequate maintenance, disrupting inventory and dispatch operations | D9: Director of IT & Security | E9: 15-Jan-2026 | F9: 3 | G9: 4 | H9: =F9*G9 -> 12 | I9: =IF(H9>=15,"Critical",IF(H9>=10,"High",IF(H9>=5,"Medium","Low"))) -> High | J9: Introduce redundant server infrastructure and scheduled preventive maintenance; formalize a warehouse system continuity plan with defined RTO/RPO targets. | K9: 1 | L9: 3 | M9: =K9*L9 -> 3 | N9: =IF(M9>=15,"Critical",IF(M9>=10,"High",IF(M9>=5,"Medium","Low"))) -> Low | O9: =IF(M9>8,"Exceeds Appetite","Within Appetite") -> Within Appetite | P9: ISO/IEC 27001:2022 A.17; ISO 31000 | Q9: 01-Jun-2026 | R9: 30-Nov-2026 | S9: Active
A10: RSK-006 | B10: Technical / Cloud | C10: Cloud-based shipment tracking platform data breach due to misconfigured access controls or third-party API vulnerabilities | D10: Cloud Security Architect | E10: 15-Jan-2026 | F10: 3 | G10: 4 | H10: =F10*G10 -> 12 | I10: =IF(H10>=15,"Critical",IF(H10>=10,"High",IF(H10>=5,"Medium","Low"))) -> High | J10: Enforce regular automated cloud configuration audits; implement Principle of Least Privilege (PoLP) via centralized IAM; review cloud vendor SOC 2 Type II reports annually. | K10: 1 | L10: 4 | M10: =K10*L10 -> 4 | N10: =IF(M10>=15,"Critical",IF(M10>=10,"High",IF(M10>=5,"Medium","Low"))) -> Low | O10: =IF(M10>8,"Exceeds Appetite","Within Appetite") -> Within Appetite | P10: ISO/IEC 27001:2022 A.14; NIST CSF | Q10: 20-May-2026 | R10: 18-Nov-2026 | S10: Active
A11: RSK-007 | B11: Operational / Third-Party | C11: Compromise of customs brokerage or subcontractor systems exposing sensitive corporate shipment and customs documentation handled via unsecured channels | D11: Head of Customs Brokerage | E11: 15-Jan-2026 | F11: 4 | G11: 3 | H11: =F11*G11 -> 12 | I11: =IF(H11>=15,"Critical",IF(H11>=10,"High",IF(H11>=5,"Medium","Low"))) -> High | J11: Mandate use of a secure encrypted document exchange portal for all customs submissions; provide periodic security awareness training for external agents. | K11: 2 | L11: 2 | M11: =K11*L11 -> 4 | N11: =IF(M11>=15,"Critical",IF(M11>=10,"High",IF(M11>=5,"Medium","Low"))) -> Low | O11: =IF(M11>8,"Exceeds Appetite","Within Appetite") -> Within Appetite | P11: ISO/IEC 27001:2022 A.15 | Q11: 01-Apr-2026 | R11: 30-Sep-2026 | S11: Active
A12: RSK-008 | B12: Operational / Third-Party | C12: Malicious or negligent insider behaviour by subcontracted delivery drivers or temporary staff leaking delivery routes or customer contact information | D12: VP of Supply Chain & Logistics | E12: 10-Feb-2026 | F12: 3 | G12: 3 | H12: =F12*G12 -> 9 | I12: =IF(H12>=15,"Critical",IF(H12>=10,"High",IF(H12>=5,"Medium","Low"))) -> Medium | J12: Enforce data masking on mobile delivery applications; disable screenshot capability within partner apps; automatically deprovision contractor access upon route completion. | K12: 2 | L12: 2 | M12: =K12*L12 -> 4 | N12: =IF(M12>=15,"Critical",IF(M12>=10,"High",IF(M12>=5,"Medium","Low"))) -> Low | O12: =IF(M12>8,"Exceeds Appetite","Within Appetite") -> Within Appetite | P12: ISO/IEC 27001:2022 A.7 (Human Resource Security) | Q12: 15-Feb-2026 | R12: 14-Aug-2026 | S12: Active
A13: RSK-009 | B13: Technical / Infrastructure | C13: Physical security breach at a regional warehouse hub resulting in theft of local servers, tracking hardware, or inventory logs | D13: Regional Warehouse Manager | E13: 10-Feb-2026 | F13: 2 | G13: 4 | H13: =F13*G13 -> 8 | I13: =IF(H13>=15,"Critical",IF(H13>=10,"High",IF(H13>=5,"Medium","Low"))) -> Medium | J13: Upgrade physical access controls to biometric scanners; install 24/7 CCTV with offsite cloud recording; implement full-disk encryption (FDE) on local server hardware. | K13: 1 | L13: 4 | M13: =K13*L13 -> 4 | N13: =IF(M13>=15,"Critical",IF(M13>=10,"High",IF(M13>=5,"Medium","Low"))) -> Low | O13: =IF(M13>8,"Exceeds Appetite","Within Appetite") -> Within Appetite | P13: ISO/IEC 27001:2022 A.11 (Physical Security) | Q13: 25-Jan-2026 | R13: 26-Jul-2026 | S13: Active
A14: RSK-010 | B14: Technical / Cyber | C14: API interception or man-in-the-middle (MitM) attack on real-time shipment and fleet tracking data exchanged with e-commerce and delivery partners | D14: Cloud Security Architect | E14: 15-Jan-2026 | F14: 3 | G14: 4 | H14: =F14*G14 -> 12 | I14: =IF(H14>=15,"Critical",IF(H14>=10,"High",IF(H14>=5,"Medium","Low"))) -> High | J14: Enforce HTTPS/TLS 1.3 on all endpoints; mandate API key rotation every 90 days; implement rate limiting and a web application firewall (WAF). | K14: 1 | L14: 4 | M14: =K14*L14 -> 4 | N14: =IF(M14>=15,"Critical",IF(M14>=10,"High",IF(M14>=5,"Medium","Low"))) -> Low | O14: =IF(M14>8,"Exceeds Appetite","Within Appetite") -> Within Appetite | P14: ISO/IEC 27001:2022 A.14.1.2 | Q14: 25-Apr-2026 | R14: 24-Oct-2026 | S14: Active
A15: RSK-011 | B15: Governance | C15: Weak and inconsistent access control enforcement across regional offices, allowing excessive or stale user privileges on core logistics systems | D15: Regional Operations Director | E15: 15-Jan-2026 | F15: 4 | G15: 3 | H15: =F15*G15 -> 12 | I15: =IF(H15>=15,"Critical",IF(H15>=10,"High",IF(H15>=5,"Medium","Low"))) -> High | J15: Establish a centralized IAM governance committee; deploy automated access-review and policy compliance tracking; conduct quarterly regional access recertification. | K15: 2 | L15: 2 | M15: =K15*L15 -> 4 | N15: =IF(M15>=15,"Critical",IF(M15>=10,"High",IF(M15>=5,"Medium","Low"))) -> Low | O15: =IF(M15>8,"Exceeds Appetite","Within Appetite") -> Within Appetite | P15: ISO/IEC 27001:2022 A.9 (Access Control); NIST CSF | Q15: 10-Jun-2026 | R15: 08-Dec-2026 | S15: Active
A16: RSK-012 | B16: Operational | C16: Absence of a tested business continuity and disaster recovery plan, risking prolonged service disruption following a major incident across any regional hub | D16: Chief Operating Officer | E16: 15-Jan-2026 | F16: 3 | G16: 4 | H16: =F16*G16 -> 12 | I16: =IF(H16>=15,"Critical",IF(H16>=10,"High",IF(H16>=5,"Medium","Low"))) -> High | J16: Develop and formally test a group-wide Business Continuity Plan (BCP) aligned to ISO 22301 principles; conduct annual continuity exercises with regional offices. | K16: 1 | L16: 3 | M16: =K16*L16 -> 3 | N16: =IF(M16>=15,"Critical",IF(M16>=10,"High",IF(M16>=5,"Medium","Low"))) -> Low | O16: =IF(M16>8,"Exceeds Appetite","Within Appetite") -> Within Appetite | P16: ISO 31000; ISO 22301 principles | Q16: 20-Mar-2026 | R16: 18-Sep-2026 | S16: Active
A18: Note: Inherent and Residual Scores are calculated automatically as Probability × Impact (range 1-25). See the 'Risk Methodology' sheet for full scoring definitions, rating bands, and the Board's risk appetite statement.

Sheet Risk Heat Maps
A1: RISK HEAT MAP – PROBABILITY × IMPACT
A2: Inherent risk (before controls) versus Residual risk (after mitigation) – Risk IDs plotted by Probability (x-axis) and Impact (y-axis)
A4: INHERENT RISK MATRIX (before controls)
A5: Impact \ Probability | B5: 1 | C5: 2 | D5: 3 | E5: 4 | F5: 5
A6: 5 | D6: RSK-003 | E6: RSK-001
A7: 4 | C7: RSK-009 | D7: RSK-005 RSK-006 RSK-010 RSK-012 | E7: RSK-002 RSK-004
A8: 3 | D8: RSK-008 | E8: RSK-007 RSK-011
A9: 2
A10: 1
A11: Probability (1 = Rare → 5 = Almost Certain) | Impact (1 = Negligible → 5 = Severe)
A14: RESIDUAL RISK MATRIX (after mitigation)
A15: Impact \ Probability | B15: 1 | C15: 2 | D15: 3 | E15: 4 | F15: 5
A16: 5
A17: 4 | B17: RSK-003 RSK-006 RSK-009 RSK-010 | C17: RSK-001
A18: 3 | B18: RSK-005 RSK-012 | C18: RSK-002 RSK-004
A19: 2 | C19: RSK-007 RSK-008 RSK-011
A20: 1
A21: Probability (1 = Rare → 5 = Almost Certain) | Impact (1 = Negligible → 5 = Severe)
A24: Rating Legend:
A25: Low (1-4) | C25: Medium (5-9) | E25: High (10-14) | G25: Critical (15-25)
A27: Observation: 4 of 12 risks sit in the Critical inherent zone before treatment. After applying documented mitigations, 0 risks remain in the Critical or High residual zone – the remainder are reduced to Medium or Low, with RSK-001 (GDPR / cross-border data compliance) warranting continued close monitoring.

Sheet Third-Party Vendor Register
A1: THIRD-PARTY & VENDOR RISK REGISTER
A2: Critical suppliers and vendors with access to Falcon Freight data, systems, or facilities
A4: Vendor ID | B4: Vendor Name | C4: Vendor Type | D4: Services Provided | E4: Data Types Handled | F4: Data Privacy / Framework Scope | G4: Inherent Risk Level | H4: Critical Security Controls Required | I4: Assessment Status | J4: Last Assessment | K4: Next Assessment | L4: Residual Risk Level | M4: Risk Owner
A5: TPV-001 | B5: Microsoft Azure | C5: Cloud / SaaS Vendor | D5: Hosting of cloud-based shipment tracking platform & related infrastructure | E5: Shipment records; customer PII; geolocation data; system logs | F5: GDPR / ISO 27001 A.14 / Shared Responsibility Model | G5: High | H5: Annual SOC 2 Type II report review; IAM least-privilege configuration; continuous API traffic monitoring; encryption at rest and in transit | I5: Completed | J5: 20-Jan-2026 | K5: 20-Jan-2027 | L5: Low | M5: Cloud Security Architect
A6: TPV-002 | B6: SAP Logistics | C6: ERP / Warehouse Software Vendor | D6: Warehouse management and inventory control software platform | E6: Inventory logs; shipment manifests; supplier records | F6: ISO 27001 A.12 / A.14 | G6: Medium | H6: Patch management SLA; role-based access control; vendor-managed encrypted backups; quarterly system health review | I6: Completed | J6: 05-Apr-2026 | K6: 05-Apr-2027 | L6: Low | M6: Director of IT & Security
A7: TPV-003 | B7: DHL Partner Services | C7: Delivery / Logistics Subcontractor | D7: Last-mile package delivery and driver tracking services | E7: Customer names; delivery addresses; phone numbers; geolocation logs | F7: GDPR / ISO 27001 A.15 | G7: High | H7: Data masking on mobile delivery apps; disabled screenshot capability; automated access deprovisioning; MFA for driver portals | I7: Under Review | J7: 10-May-2026 | K7: 10-May-2027 | L7: Medium | M7: VP of Supply Chain & Logistics
A8: TPV-004 | B8: PayFast Payment Gateway | C8: Payment Processing Provider | D8: Online payment processing for freight and customs invoicing | E8: Payment card data; transaction records; billing PII | F8: PCI-DSS / GDPR | G8: High | H8: PCI-DSS compliance certification; tokenization of card data; TLS 1.3 enforced on all endpoints; annual penetration testing | I8: Completed | J8: 15-Feb-2026 | K8: 15-Feb-2027 | L8: Low | M8: Head of Legal & Compliance
A9: TPV-005 | B9: SecureNet IT Services | C9: Managed IT / Security Services Provider | D9: Outsourced network monitoring, helpdesk, and security operations support | E9: System credentials; network configuration data; access logs | F9: ISO 27001 A.15 / A.9 | G9: Medium | H9: Signed NDA and background checks for support staff; least-privilege remote access; full session logging and audit trail | I9: In Progress | J9: 12-Sep-2025 | K9: 12-Sep-2026 | L9: Medium | M9: Director of IT & Security
A11: Assessment cadence: Critical/High inherent-risk vendors are reassessed annually at minimum; any vendor marked 'Under Review' or 'In Progress' requires a follow-up review within 90 days.

Sheet Risk Analytics
A1: RISK ANALYTICS – BY CATEGORY AND RISK OWNER
A3: Risk Category | B3: Count | C3: Avg. Inherent | D3: Avg. Residual
A4: Compliance / Legal | B4: =COUNTIF('Master Risk Register'!$B$5:$B$16,A4) -> 1 | C4: =ROUND(AVERAGEIF('Master Risk Register'!$B$5:$B$16,A4,'Master Risk Register'!$H$5:$H$16),1) -> 20 | D4: =ROUND(AVERAGEIF('Master Risk Register'!$B$5:$B$16,A4,'Master Risk Register'!$M$5:$M$16),1) -> 8
A5: Operational / Third-Party | B5: =COUNTIF('Master Risk Register'!$B$5:$B$16,A5) -> 3 | C5: =ROUND(AVERAGEIF('Master Risk Register'!$B$5:$B$16,A5,'Master Risk Register'!$H$5:$H$16),1) -> 12.3 | D5: =ROUND(AVERAGEIF('Master Risk Register'!$B$5:$B$16,A5,'Master Risk Register'!$M$5:$M$16),1) -> 4.7
A6: Technical / Infrastructure | B6: =COUNTIF('Master Risk Register'!$B$5:$B$16,A6) -> 2 | C6: =ROUND(AVERAGEIF('Master Risk Register'!$B$5:$B$16,A6,'Master Risk Register'!$H$5:$H$16),1) -> 11.5 | D6: =ROUND(AVERAGEIF('Master Risk Register'!$B$5:$B$16,A6,'Master Risk Register'!$M$5:$M$16),1) -> 4
A7: Technical / Cyber | B7: =COUNTIF('Master Risk Register'!$B$5:$B$16,A7) -> 2 | C7: =ROUND(AVERAGEIF('Master Risk Register'!$B$5:$B$16,A7,'Master Risk Register'!$H$5:$H$16),1) -> 14 | D7: =ROUND(AVERAGEIF('Master Risk Register'!$B$5:$B$16,A7,'Master Risk Register'!$M$5:$M$16),1) -> 5
A8: Operational | B8: =COUNTIF('Master Risk Register'!$B$5:$B$16,A8) -> 2 | C8: =ROUND(AVERAGEIF('Master Risk Register'!$B$5:$B$16,A8,'Master Risk Register'!$H$5:$H$16),1) -> 12 | D8: =ROUND(AVERAGEIF('Master Risk Register'!$B$5:$B$16,A8,'Master Risk Register'!$M$5:$M$16),1) -> 3
A9: Technical / Cloud | B9: =COUNTIF('Master Risk Register'!$B$5:$B$16,A9) -> 1 | C9: =ROUND(AVERAGEIF('Master Risk Register'!$B$5:$B$16,A9,'Master Risk Register'!$H$5:$H$16),1) -> 12 | D9: =ROUND(AVERAGEIF('Master Risk Register'!$B$5:$B$16,A9,'Master Risk Register'!$M$5:$M$16),1) -> 4
A10: Governance | B10: =COUNTIF('Master Risk Register'!$B$5:$B$16,A10) -> 1 | C10: =ROUND(AVERAGEIF('Master Risk Register'!$B$5:$B$16,A10,'Master Risk Register'!$H$5:$H$16),1) -> 12 | D10: =ROUND(AVERAGEIF('Master Risk Register'!$B$5:$B$16,A10,'Master Risk Register'!$M$5:$M$16),1) -> 4
A13: Risk Owner | B13: Count | C13: Avg. Inherent | D13: Highest Inherent Score
A14: Head of Legal & Compliance | B14: =COUNTIF('Master Risk Register'!$D$5:$D$16,A14) -> 1 | C14: =ROUND(AVERAGEIF('Master Risk Register'!$D$5:$D$16,A14,'Master Risk Register'!$H$5:$H$16),1) -> 20 | D14: =_xlfn.MAXIFS('Master Risk Register'!$H$5:$H$16,'Master Risk Register'!$D$5:$D$16,A14) -> 20
A15: VP of Supply Chain & Logistics | B15: =COUNTIF('Master Risk Register'!$D$5:$D$16,A15) -> 2 | C15: =ROUND(AVERAGEIF('Master Risk Register'!$D$5:$D$16,A15,'Master Risk Register'!$H$5:$H$16),1) -> 12.5 | D15: =_xlfn.MAXIFS('Master Risk Register'!$H$5:$H$16,'Master Risk Register'!$D$5:$D$16,A15) -> 16
A16: Director of IT & Security | B16: =COUNTIF('Master Risk Register'!$D$5:$D$16,A16) -> 3 | C16: =ROUND(AVERAGEIF('Master Risk Register'!$D$5:$D$16,A16,'Master Risk Register'!$H$5:$H$16),1) -> 14.3 | D16: =_xlfn.MAXIFS('Master Risk Register'!$H$5:$H$16,'Master Risk Register'!$D$5:$D$16,A16) -> 16
A17: Cloud Security Architect | B17: =COUNTIF('Master Risk Register'!$D$5:$D$16,A17) -> 2 | C17: =ROUND(AVERAGEIF('Master Risk Register'!$D$5:$D$16,A17,'Master Risk Register'!$H$5:$H$16),1) -> 12 | D17: =_xlfn.MAXIFS('Master Risk Register'!$H$5:$H$16,'Master Risk Register'!$D$5:$D$16,A17) -> 12
A18: Head of Customs Brokerage | B18: =COUNTIF('Master Risk Register'!$D$5:$D$16,A18) -> 1 | C18: =ROUND(AVERAGEIF('Master Risk Register'!$D$5:$D$16,A18,'Master Risk Register'!$H$5:$H$16),1) -> 12 | D18: =_xlfn.MAXIFS('Master Risk Register'!$H$5:$H$16,'Master Risk Register'!$D$5:$D$16,A18) -> 12
A19: Regional Warehouse Manager | B19: =COUNTIF('Master Risk Register'!$D$5:$D$16,A19) -> 1 | C19: =ROUND(AVERAGEIF('Master Risk Register'!$D$5:$D$16,A19,'Master Risk Register'!$H$5:$H$16),1) -> 8 | D19: =_xlfn.MAXIFS('Master Risk Register'!$H$5:$H$16,'Master Risk Register'!$D$5:$D$16,A19) -> 8
A20: Regional Operations Director | B20: =COUNTIF('Master Risk Register'!$D$5:$D$16,A20) -> 1 | C20: =ROUND(AVERAGEIF('Master Risk Register'!$D$5:$D$16,A20,'Master Risk Register'!$H$5:$H$16),1) -> 12 | D20: =_xlfn.MAXIFS('Master Risk Register'!$H$5:$H$16,'Master Risk Register'!$D$5:$D$16,A20) -> 12
A21: Chief Operating Officer | B21: =COUNTIF('Master Risk Register'!$D$5:$D$16,A21) -> 1 | C21: =ROUND(AVERAGEIF('Master Risk Register'!$D$5:$D$16,A21,'Master Risk Register'!$H$5:$H$16),1) -> 12 | D21: =_xlfn.MAXIFS('Master Risk Register'!$H$5:$H$16,'Master Risk Register'!$D$5:$D$16,A21) -> 12

Sheet Risk Methodology
A1: RISK SCORING METHODOLOGY & GOVERNANCE
A3: 1. Scoring Model
A4: Each risk is scored twice: Inherent (before controls) and Residual (after documented mitigations), using a 5×5 matrix: Risk Score = Probability (1-5) × Impact (1-5), giving a range of 1-25. This methodology is applied consistently across all governance, operational, and technical risk domains in this register.
A7: Probability Scale
A8: Score | B8: Definition
A9: 1 | B9: Rare – may occur only in exceptional circumstances (<10% likelihood within 12 months)
A10: 2 | B10: Unlikely – could occur at some point (10–30% likelihood within 12 months)
A11: 3 | B11: Possible – might occur at some point (30–50% likelihood within 12 months)
A12: 4 | B12: Likely – will probably occur in most circumstances (50–80% likelihood within 12 months)
A13: 5 | B13: Almost Certain – expected to occur in most circumstances (>80% likelihood within 12 months)
A16: Impact Scale
A17: Score | B17: Definition
A18: 1 | B18: Negligible – minor operational inconvenience; no regulatory, financial, or reputational impact
A19: 2 | B19: Minor – localized service disruption or cost < $50K; no regulatory notification required
A20: 3 | B20: Moderate – regional service disruption, cost $50K–$250K, or minor regulatory finding
A21: 4 | B21: Major – multi-region disruption, cost $250K–$1M, regulatory investigation, or reportable data breach
A22: 5 | B22: Severe – group-wide outage, cost >$1M, loss of operating license, or large-scale customer data exposure
A25: Rating Bands & Colour Code
A26: Score Range | B26: Rating / Required Action
A27: 1-4 | B27: Low – accept and monitor at next scheduled review
A28: 5-9 | B28: Medium – manage with existing controls; owner reviews semi-annually
A29: 10-14 | B29: High – active mitigation required; owner reviews quarterly
A30: 15-25 | B30: Critical – escalate to Risk & Compliance Committee; owner reviews monthly
A33: 2. Risk Appetite Statement
A34: The Board has approved a residual risk appetite ceiling of 8 (Medium). Any risk with a residual score above 8 is flagged 'Exceeds Appetite' and must be escalated to the Executive Risk & Compliance Committee with an accelerated treatment plan. Risks within appetite remain subject to their standard review cadence (see rating bands above).
A38: 3. Governance & Change Log
A39: Version | B39: Date | C39: Change Description
A40: 1.0 | B40: 30-Jul-2026 | C40: Initial Enterprise Risk Register established for Falcon Freight Solutions following the GRC governance audit and risk assessment workshop, covering compliance, operational, technical, and third-party risk domains.
