Workbook

Sheet Instructions & Scoring Guide
B2: FALCON FREIGHT SOLUTIONS
B3: Third-Party & Vendor Risk Questionnaire
B4: Information Security, Data Privacy & Business Continuity Due Diligence Instrument
B5: CONFIDENTIAL – FOR COMPLETION BY THE NAMED THIRD PARTY / VENDOR
B7: Issued By | C7: Falcon Freight Solutions – Group Risk & Compliance
B8: Document Owner | C8: Director of IT & Security (CISO-equivalent)
B9: Version | C9: 1.0
B10: Issue Date | C10: 30 July 2026
B11: Response Due | C11: Within 15 business days of receipt
B12: Applies To | C12: All third parties and vendors with access to Falcon Freight Solutions data, systems, or facilities
B14: How to Use This Questionnaire
B15: 1. Complete the Vendor Profile fields at the top of the 'Questionnaire' tab (legal name, contact, services provided, data handled).
B16: 2. Answer every question using the dropdown in the Response column: Yes / Partial / Compensating Control / No / Not Applicable.
B17: 3. Where you answer 'Partial' or 'No', explain the gap and any compensating control in the Comments column.
B18: 4. Attach or reference supporting evidence (policy, certificate, audit report) in the Evidence Reference column.
B19: 5. Return the completed workbook to your Falcon Freight Solutions relationship owner. Do not alter section headers, question text, or formulas.
B20: 6. Falcon Freight Solutions' Risk & Compliance team will review responses and populate the 'Scoring Summary' tab automatically from your answers.
B22: Contents
B23: 1. Instructions & Scoring Guide – how responses are scored and rated
B24: 2. Vendor Directory – Falcon Freight Solutions' registered third parties and questionnaire tracking status
B25: 3. Questionnaire – vendor profile plus 76 questions across 12 risk domains
B26: 4. Scoring Summary – auto-calculated section and overall risk rating once completed
... B30: Each question is answered Yes / Partial / Compensating Control / No / Not Applicable. Responses are converted to points, rolled up into a Section Score (%), then combined into a single weighted Overall Vendor Risk Score (%) using the section weights on the 'Weighting & Vendor Focus Areas' tab. The overall score maps to a risk rating consistent with Falcon Freight Solutions' Enterprise Risk Register rating bands (Low/Medium/High/Critical).
B32: Response Option | C32: Interpretation / Required Action
B33: Yes (2 pts) | C33: Control is fully implemented and operating effectively. Approve. Standard annual re-assessment cadence.
B34: Partial / Compensating Control (1 pt) | C34: Control is partially implemented, or an alternative compensating control is in place. Approve with monitoring. Remediation plan for gaps within 90 days; re-assess in 6 months.
B35: No (0 pts) | C35: Control is not implemented. Requires a remediation plan and timeline. Conditional approval. Mandatory remediation plan within 30 days, escalate to Risk & Compliance Committee.
B36: Not Applicable (excluded) | C36: Question does not apply to the services provided; excluded from scoring denominator.
B38: Weighted Score | C38: Overall Risk Rating
B39: 85% - 100% | C39: Low Risk
B40: 70% - 84% | C40: Medium Risk
B41: 50% - 69% | C41: High Risk
B42: Below 50% | C42: Critical Risk
B44: Note: Sections 2 (Data Privacy), 5 (Data Protection & Cryptography), and 10 (Incident Management) carry the highest weighting (15%, 12%, 12% respectively) reflecting Falcon Freight Solutions' exposure to customer PII, cross-border data transfer obligations under GDPR and South Africa's POPIA, and the criticality of timely breach notification. See the 'Weighting & Vendor Focus Areas' tab for the full weighting table and which domains are the priority focus for each known Falcon Freight Solutions vendor.

Sheet Vendor Directory
A1: THIRD-PARTY VENDOR DIRECTORY & QUESTIONNAIRE TRACKER
A2: Registered third parties linked to Falcon Freight Solutions (source: Enterprise Risk Register – Third-Party Vendor Register)
A4: Vendor ID | B4: Vendor Name | C4: Vendor Type | D4: Services Provided | E4: Data Types Handled | F4: Inherent Risk Level | G4: Risk Owner | H4: Last Assessment | I4: Next Assessment | J4: Questionnaire Status | K4: Date Issued | L4: Date Returned | M4: Overall Score (%) | N4: Rating
A5: TPV-001 | B5: Microsoft Azure | C5: Cloud / SaaS Vendor | D5: Hosting of cloud-based shipment tracking platform & related infrastructure | E5: Shipment records; customer PII; geolocation data; system logs | F5: High | G5: Cloud Security Architect | H5: 20-Jan-2026 | I5: 20-Jan-2027 | J5: Received – Reviewed | K5: 30-Jul-2026 | L5: 12-Aug-2026 | M5: 89.2 | N5: Low Risk
A6: TPV-002 | B6: SAP Logistics | C6: ERP / Warehouse Software Vendor | D6: Warehouse management and inventory control software platform | E6: Inventory logs; shipment manifests; supplier records | F6: Medium | G6: Director of IT & Security | H6: 05-Apr-2026 | I6: 05-Apr-2027 | J6: Not Sent
A7: TPV-003 | B7: DHL Partner Services | C7: Delivery / Logistics Subcontractor | D7: Last-mile package delivery and driver tracking services | E7: Customer names; delivery addresses; phone numbers; geolocation logs | F7: High | G7: VP of Supply Chain & Logistics | H7: 10-May-2026 | I7: 10-May-2027 | J7: Not Sent
A8: TPV-004 | B8: PayFast Payment Gateway | C8: Payment Processing Provider | D8: Online payment processing for freight and customs invoicing | E8: Payment card data; transaction records; billing PII | F8: High | G8: Head of Legal & Compliance | H8: 15-Feb-2026 | I8: 15-Feb-2027 | J8: Not Sent
A9: TPV-005 | B9: SecureNet IT Services | C9: Managed IT / Security Services Provider | D9: Outsourced network monitoring, helpdesk, and security operations support | E9: System credentials; network configuration data; access logs | F9: Medium | G9: Director of IT & Security | H9: 12-Sep-2025 | I9: 12-Sep-2026 | J9: Not Sent
A11: Instructions: issue a copy of the 'Questionnaire' tab to each vendor below. When a response is returned, transfer the vendor's answers into a dedicated copy of this workbook, record the resulting Overall Score and Rating from the 'Scoring Summary' tab into columns M–N above, and update Questionnaire Status accordingly.

Sheet Questionnaire
A1: FALCON FREIGHT SOLUTIONS – THIRD-PARTY & VENDOR RISK QUESTIONNAIRE
A3: SECTION 0 – VENDOR & ENGAGEMENT PROFILE (to be completed by the vendor)
A4: Vendor Legal Name | B4: Microsoft Ireland Operations Limited, trading as Microsoft Azure
A5: Registered Address / HQ Location | B5: Global HQ: One Microsoft Way, Redmond, Washington, USA. EMEA/Africa operations: One Microsoft Place, Dublin, Ireland
A6: Primary Contact (Name, Title, Email, Phone) | B6: Thandiwe Mokoena, Enterprise Account Manager – Azure Africa, [email protected], +27 11 245 0000
A7: Vendor Type (Delivery Fleet / Brokerage / SaaS-Cloud / Integration Partner / Facility-Warehousing / Other) | B7: SaaS-Cloud
A8: Services Provided to Falcon Freight Solutions | B8: Hosting of Falcon Freight Solutions' cloud-based shipment tracking platform, including compute, storage, networking and platform security services
A9: Data Types Handled on Falcon Freight Solutions' Behalf | B9: Shipment records; customer PII; geolocation data; system/application logs
A10: Data Residency / Hosting Location(s) | B10: Primary: Azure South Africa North (Johannesburg); Secondary/DR: Azure West Europe (Netherlands)
A11: Years Providing This Service to Falcon Freight Solutions | B11: 4 years
A12: Number of Personnel with Access to Falcon Freight Solutions Data/Systems | B12: No standing Microsoft personnel access to customer data; access is limited to just-in-time, customer-approved sessions (Customer Lockbox) for support purposes only
A13: Do You Use Subcontractors / Fourth Parties for This Engagement? (Y/N – detail if yes) | B13: Yes – Microsoft uses a global network of subprocessors for datacenter operations and support services, disclosed via the Microsoft Online Services Subprocessor List
A14: Applicable Regulatory Frameworks (GDPR, POPIA – South Africa, other) | B14: GDPR, POPIA (South Africa), ISO/IEC 27701, PCI DSS
A15: Relevant Certifications Held (ISO 27001, SOC 2 Type II, PCI DSS, other) | B15: ISO/IEC 27001:2022, ISO/IEC 27017, ISO/IEC 27018, SOC 2 Type II, PCI DSS Level 1 Service Provider
A16: Questionnaire Completed By (Name, Title, Date) | B16: Priya Naidoo, Enterprise Compliance Manager, Azure Compliance Team, 12 August 2026
A18: Q# | B18: Question | C18: Response | D18: Points | E18: Evidence Reference | F18: Comments / Compensating Control
A20: S1 – Corporate Governance & Certifications (Weight: 5%)
A21: 1.1 | B21: Does your organization maintain a formally documented Information Security Policy approved by senior management? | C21: Yes | D21: =IF(C21="","",IF(C21="Not Applicable","N/A",IF(C21="Yes",2,IF(OR(C21="Partial",C21="Compensating Control"),1,0)))) -> 2 | E21: Microsoft Information Security Policy summary – Service Trust Portal
A22: 1.2 | B22: Do you hold a current ISO/IEC 27001 certification or equivalent (attach certificate / scope statement)? | C22: Yes | D22: =IF(C22="","",IF(C22="Not Applicable","N/A",IF(C22="Yes",2,IF(OR(C22="Partial",C22="Compensating Control"),1,0)))) -> 2 | E22: ISO/IEC 27001:2022 certificate & Statement of Applicability – Service Trust Portal
A23: 1.3 | B23: Do you undergo an annual independent security audit (e.g., SOC 2 Type II, penetration test)? | C23: Yes | D23: =IF(C23="","",IF(C23="Not Applicable","N/A",IF(C23="Yes",2,IF(OR(C23="Partial",C23="Compensating Control"),1,0)))) -> 2 | E23: SOC 2 Type II report (semi-annual) – Service Trust Portal, NDA required
A24: 1.4 | B24: Is there a named executive or individual accountable for information security (CISO or equivalent)? | C24: Yes | D24: =IF(C24="","",IF(C24="Not Applicable","N/A",IF(C24="Yes",2,IF(OR(C24="Partial",C24="Compensating Control"),1,0)))) -> 2 | E24: Microsoft CISO organization chart – Service Trust Portal
A25: 1.5 | B25: Do you maintain cyber liability / errors & omissions insurance covering data breach events? | C25: Yes | D25: =IF(C25="","",IF(C25="Not Applicable","N/A",IF(C25="Yes",2,IF(OR(C25="Partial",C25="Compensating Control"),1,0)))) -> 2 | E25: Certificate of cyber/E&O insurance available on request
A26: Section Score – Corporate Governance & Certifications | D26: =IFERROR(SUM(D21:D25)/(2*COUNT(D21:D25)),"") -> 1
A28: S2 – Data Privacy & Regulatory Compliance (Weight: 15%)
A29: 2.1 | B29: Do you process personal data on behalf of Falcon Freight Solutions (customer, employee, or driver data)? | C29: Yes | D29: =IF(C29="","",IF(C29="Not Applicable","N/A",IF(C29="Yes",2,IF(OR(C29="Partial",C29="Compensating Control"),1,0)))) -> 2 | E29: Microsoft Online Services Terms – Data Processing Addendum
A30: 2.2 | B30: Have you conducted a Data Protection Impact Assessment (DPIA) for the services provided to Falcon Freight Solutions? | C30: Partial | D30: =IF(C30="","",IF(C30="Not Applicable","N/A",IF(C30="Yes",2,IF(OR(C30="Partial",C30="Compensating Control"),1,0)))) -> 1 | E30: Microsoft DPIA support documentation – Service Trust Portal | F30: Microsoft provides tooling, documentation and audit reports to support customer DPIAs; a bespoke DPIA for the FFS tracking-platform deployment has not been separately produced. Recommend FFS's own DPIA is completed using Microsoft's supporting evidence.
A31: 2.3 | B31: Do you have a documented lawful basis and a signed Data Processing Agreement (DPA) in place with Falcon Freight Solutions? | C31: Yes | D31: =IF(C31="","",IF(C31="Not Applicable","N/A",IF(C31="Yes",2,IF(OR(C31="Partial",C31="Compensating Control"),1,0)))) -> 2 | E31: Microsoft Product Terms – Online Services DPA (signed as part of Enterprise Agreement)
A32: 2.4 | B32: Are cross-border data transfers governed by Standard Contractual Clauses or an equivalent transfer mechanism? | C32: Yes | D32: =IF(C32="","",IF(C32="Not Applicable","N/A",IF(C32="Yes",2,IF(OR(C32="Partial",C32="Compensating Control"),1,0)))) -> 2 | E32: EU Standard Contractual Clauses incorporated in Microsoft Product Terms
A33: 2.5 | B33: Do you comply with the Protection of Personal Information Act (POPIA, South Africa) and/or GDPR, as applicable to your operations? | C33: Yes | D33: =IF(C33="","",IF(C33="Not Applicable","N/A",IF(C33="Yes",2,IF(OR(C33="Partial",C33="Compensating Control"),1,0)))) -> 2 | E33: POPIA/GDPR compliance statements – Microsoft Trust Center
A34: 2.6 | B34: Do you have a documented data retention and secure deletion schedule for Falcon Freight Solutions data? | C34: Partial | D34: =IF(C34="","",IF(C34="Not Applicable","N/A",IF(C34="Yes",2,IF(OR(C34="Partial",C34="Compensating Control"),1,0)))) -> 1 | E34: Azure Data Retention/Lifecycle Management documentation | F34: Retention and secure-deletion capability is provided (e.g. Storage lifecycle policies), but the retention schedule itself is configured and owned by Falcon Freight Solutions, not Microsoft.
A35: 2.7 | B35: Can you support Falcon Freight Solutions' obligations to fulfil data subject access, correction, and deletion requests within statutory timeframes? | C35: Yes | D35: =IF(C35="","",IF(C35="Not Applicable","N/A",IF(C35="Yes",2,IF(OR(C35="Partial",C35="Compensating Control"),1,0)))) -> 2 | E35: Microsoft Data Subject Request (DSR) portal and guidance documentation
A36: 2.8 | B36: Do you notify Falcon Freight Solutions of any regulatory inquiry or investigation involving data processed on its behalf? | C36: Yes | D36: =IF(C36="","",IF(C36="Not Applicable","N/A",IF(C36="Yes",2,IF(OR(C36="Partial",C36="Compensating Control"),1,0)))) -> 2 | E36: Data Processing Addendum – regulatory inquiry notification clause
A37: Section Score – Data Privacy & Regulatory Compliance | D37: =IFERROR(SUM(D29:D36)/(2*COUNT(D29:D36)),"") -> 0.875
A39: S3 – Information Security Policy & Governance (Weight: 5%)
A40: 3.1 | B40: Are information security roles and responsibilities formally defined and communicated? | C40: Yes | D40: =IF(C40="","",IF(C40="Not Applicable","N/A",IF(C40="Yes",2,IF(OR(C40="Partial",C40="Compensating Control"),1,0)))) -> 2 | E40: Microsoft security organization structure – Service Trust Portal
A41: 3.2 | B41: Do all personnel with access to Falcon Freight Solutions data undergo background verification checks prior to hire? | C41: Yes | D41: =IF(C41="","",IF(C41="Not Applicable","N/A",IF(C41="Yes",2,IF(OR(C41="Partial",C41="Compensating Control"),1,0)))) -> 2 | E41: Microsoft HR background screening policy summary
A42: 3.3 | B42: Do personnel receive mandatory security awareness training, including phishing simulation, at least annually? | C42: Yes | D42: =IF(C42="","",IF(C42="Not Applicable","N/A",IF(C42="Yes",2,IF(OR(C42="Partial",C42="Compensating Control"),1,0)))) -> 2 | E42: Microsoft mandatory security training completion records (attestation)
A43: 3.4 | B43: Do personnel sign confidentiality / non-disclosure agreements covering Falcon Freight Solutions data? | C43: Yes | D43: =IF(C43="","",IF(C43="Not Applicable","N/A",IF(C43="Yes",2,IF(OR(C43="Partial",C43="Compensating Control"),1,0)))) -> 2 | E43: Standard Microsoft employment confidentiality terms
A44: 3.5 | B44: Is there a formal disciplinary process for information security policy violations? | C44: Yes | D44: =IF(C44="","",IF(C44="Not Applicable","N/A",IF(C44="Yes",2,IF(OR(C44="Partial",C44="Compensating Control"),1,0)))) -> 2 | E44: Microsoft Standards of Business Conduct / disciplinary policy
A45: 3.6 | B45: Are security responsibilities that survive termination of employment defined and enforced? | C45: Yes | D45: =IF(C45="","",IF(C45="Not Applicable","N/A",IF(C45="Yes",2,IF(OR(C45="Partial",C45="Compensating Control"),1,0)))) -> 2 | E45: Microsoft HR offboarding and post-termination security policy
A46: Section Score – Information Security Policy & Governance | D46: =IFERROR(SUM(D40:D45)/(2*COUNT(D40:D45)),"") -> 1
A48: S4 – Access Control & Identity Management (Weight: 10%)
A49: 4.1 | B49: Is access to systems/data processing Falcon Freight Solutions information restricted on a least-privilege, need-to-know basis? | C49: Yes | D49: =IF(C49="","",IF(C49="Not Applicable","N/A",IF(C49="Yes",2,IF(OR(C49="Partial",C49="Compensating Control"),1,0)))) -> 2 | E49: Microsoft internal access control policy – least privilege model
A50: 4.2 | B50: Is multi-factor authentication (MFA) enforced for all remote and administrative access? | C50: Partial | D50: =IF(C50="","",IF(C50="Not Applicable","N/A",IF(C50="Yes",2,IF(OR(C50="Partial",C50="Compensating Control"),1,0)))) -> 1 | E50: Azure AD / Entra ID Conditional Access documentation | F50: Microsoft enforces MFA for its own administrative access to the Azure platform. MFA enforcement for Falcon Freight Solutions' own tenant admin and user accounts is configured by Falcon Freight Solutions within Entra ID and is not currently confirmed as enforced for all admin accounts - recommended follow-up with FFS IT.
A51: 4.3 | B51: Are user access rights reviewed and recertified at least quarterly? | C51: Yes | D51: =IF(C51="","",IF(C51="Not Applicable","N/A",IF(C51="Yes",2,IF(OR(C51="Partial",C51="Compensating Control"),1,0)))) -> 2 | E51: Internal access recertification records (attestation)
A52: 4.4 | B52: Are access rights revoked within 24 hours of employee termination or role change? | C52: Yes | D52: =IF(C52="","",IF(C52="Not Applicable","N/A",IF(C52="Yes",2,IF(OR(C52="Partial",C52="Compensating Control"),1,0)))) -> 2 | E52: Microsoft joiner/mover/leaver access de-provisioning SLA documentation
A53: 4.5 | B53: Is privileged/administrative access logged and independently reviewed? | C53: Yes | D53: =IF(C53="","",IF(C53="Not Applicable","N/A",IF(C53="Yes",2,IF(OR(C53="Partial",C53="Compensating Control"),1,0)))) -> 2 | E53: Privileged Identity Management (PIM) audit logs – sample provided
A54: 4.6 | B54: Do you enforce a documented password policy (minimum length, complexity, rotation)? | C54: Yes | D54: =IF(C54="","",IF(C54="Not Applicable","N/A",IF(C54="Yes",2,IF(OR(C54="Partial",C54="Compensating Control"),1,0)))) -> 2 | E54: Microsoft internal password/authentication standard
A55: 4.7 | B55: Is access to Falcon Freight Solutions data restricted to personnel located in approved jurisdictions? | C55: Partial | D55: =IF(C55="","",IF(C55="Not Applicable","N/A",IF(C55="Yes",2,IF(OR(C55="Partial",C55="Compensating Control"),1,0)))) -> 1 | E55: Customer Lockbox / support access approval workflow documentation | F55: Support engineer access is approval-gated (Customer Lockbox) but Microsoft's global support model means on-call engineers may be located in multiple jurisdictions; strict jurisdiction-restricted access is not guaranteed by default.
A56: Section Score – Access Control & Identity Management | D56: =IFERROR(SUM(D49:D55)/(2*COUNT(D49:D55)),"") -> 0.85714286
A58: S5 – Data Protection & Cryptography (Weight: 12%)
A59: 5.1 | B59: Is Falcon Freight Solutions data encrypted at rest using industry-standard algorithms (e.g., AES-256)? | C59: Yes | D59: =IF(C59="","",IF(C59="Not Applicable","N/A",IF(C59="Yes",2,IF(OR(C59="Partial",C59="Compensating Control"),1,0)))) -> 2 | E59: Azure Storage Service Encryption documentation (AES-256)
A60: 5.2 | B60: Is Falcon Freight Solutions data encrypted in transit using TLS 1.2 or higher? | C60: Yes | D60: =IF(C60="","",IF(C60="Not Applicable","N/A",IF(C60="Yes",2,IF(OR(C60="Partial",C60="Compensating Control"),1,0)))) -> 2 | E60: Azure TLS 1.2+ enforcement documentation
A61: 5.3 | B61: Are cryptographic keys managed through a documented key management process, including periodic rotation? | C61: Yes | D61: =IF(C61="","",IF(C61="Not Applicable","N/A",IF(C61="Yes",2,IF(OR(C61="Partial",C61="Compensating Control"),1,0)))) -> 2 | E61: Azure Key Vault key management and rotation documentation
A62: 5.4 | B62: Is sensitive data (e.g., customer PII, geolocation, financial/trade documents) masked or tokenized in non-production environments? | C62: Partial | D62: =IF(C62="","",IF(C62="Not Applicable","N/A",IF(C62="Yes",2,IF(OR(C62="Partial",C62="Compensating Control"),1,0)))) -> 1 | E62: Azure SQL Dynamic Data Masking feature documentation | F62: Data masking/tokenization capability is available (e.g. Dynamic Data Masking, Always Encrypted) but must be explicitly configured on the databases underlying the FFS tracking platform; current configuration status has not been confirmed.
A63: 5.5 | B63: Are mobile applications or driver-facing tools configured to prevent unauthorized screen capture or data export? | C63: Not Applicable | D63: =IF(C63="","",IF(C63="Not Applicable","N/A",IF(C63="Yes",2,IF(OR(C63="Partial",C63="Compensating Control"),1,0)))) -> N/A | F63: The driver-facing mobile tracking application is developed and controlled by Falcon Freight Solutions (or its app development vendor), not Microsoft Azure; this control sits outside Azure's infrastructure-hosting scope.
A64: 5.6 | B64: Is data loss prevention (DLP) tooling deployed to detect/prevent unauthorized exfiltration of Falcon Freight Solutions data? | C64: Partial | D64: =IF(C64="","",IF(C64="Not Applicable","N/A",IF(C64="Yes",2,IF(OR(C64="Partial",C64="Compensating Control"),1,0)))) -> 1 | E64: Microsoft Purview DLP capability overview | F64: Data loss prevention tooling (Microsoft Purview) is available on the platform but must be licensed and configured by Falcon Freight Solutions for its own data estate; FFS confirmed this has not yet been enabled.
A65: 5.7 | B65: Are backups of Falcon Freight Solutions data encrypted and tested for recoverability at least annually? | C65: Yes | D65: =IF(C65="","",IF(C65="Not Applicable","N/A",IF(C65="Yes",2,IF(OR(C65="Partial",C65="Compensating Control"),1,0)))) -> 2 | E65: Azure Backup encryption and recovery-testing documentation
A66: Section Score – Data Protection & Cryptography | D66: =IFERROR(SUM(D59:D65)/(2*COUNT(D59:D65)),"") -> 0.83333333
A68: S6 – Network & Application / API Security (Weight: 10%)
A69: 6.1 | B69: Are all external-facing systems and APIs protected by a firewall and/or web application firewall (WAF)? | C69: Yes | D69: =IF(C69="","",IF(C69="Not Applicable","N/A",IF(C69="Yes",2,IF(OR(C69="Partial",C69="Compensating Control"),1,0)))) -> 2 | E69: Azure Firewall / Front Door WAF configuration summary for FFS environment
A70: 6.2 | B70: Are penetration tests or vulnerability assessments performed on systems handling Falcon Freight Solutions data at least annually? | C70: Yes | D70: =IF(C70="","",IF(C70="Not Applicable","N/A",IF(C70="Yes",2,IF(OR(C70="Partial",C70="Compensating Control"),1,0)))) -> 2 | E70: Microsoft continuous platform penetration testing summary – Service Trust Portal | F70: Platform-level testing is continuous; application-layer testing of the FFS tracking platform itself remains a shared responsibility with FFS's application vendor.
A71: 6.3 | B71: Is a formal patch management process in place, with critical vulnerabilities remediated within a defined SLA? | C71: Yes | D71: =IF(C71="","",IF(C71="Not Applicable","N/A",IF(C71="Yes",2,IF(OR(C71="Partial",C71="Compensating Control"),1,0)))) -> 2 | E71: Azure patch management / critical vulnerability SLA documentation
A72: 6.4 | B72: Are APIs secured with authentication (API keys / OAuth) and rate limiting? | C72: Yes | D72: =IF(C72="","",IF(C72="Not Applicable","N/A",IF(C72="Yes",2,IF(OR(C72="Partial",C72="Compensating Control"),1,0)))) -> 2 | E72: Azure API Management authentication and throttling configuration
A73: 6.5 | B73: Is API key / credential rotation performed on a defined schedule (e.g., every 90 days)? | C73: Partial | D73: =IF(C73="","",IF(C73="Not Applicable","N/A",IF(C73="Yes",2,IF(OR(C73="Partial",C73="Compensating Control"),1,0)))) -> 1 | E73: Azure Key Vault key-rotation policy | F73: Automated rotation capability exists via Key Vault policies, but the 90-day rotation schedule has not been confirmed as enabled for all API keys/credentials used in the FFS integration.
A74: 6.6 | B74: Is network traffic segmented to isolate systems processing Falcon Freight Solutions data from other environments? | C74: Yes | D74: =IF(C74="","",IF(C74="Not Applicable","N/A",IF(C74="Yes",2,IF(OR(C74="Partial",C74="Compensating Control"),1,0)))) -> 2 | E74: Azure Virtual Network segmentation design for FFS subscription
A75: 6.7 | B75: Are anomalous network or application activities monitored and alerted in real time? | C75: Yes | D75: =IF(C75="","",IF(C75="Not Applicable","N/A",IF(C75="Yes",2,IF(OR(C75="Partial",C75="Compensating Control"),1,0)))) -> 2 | E75: Microsoft Defender for Cloud / Sentinel monitoring configuration
A76: Section Score – Network & Application / API Security | D76: =IFERROR(SUM(D69:D75)/(2*COUNT(D69:D75)),"") -> 0.92857143
A78: S7 – Endpoint, Cloud & Infrastructure Security (Weight: 8%)
A79: 7.1 | B79: Are endpoint devices accessing Falcon Freight Solutions data protected with anti-malware / EDR tooling? | C79: Yes | D79: =IF(C79="","",IF(C79="Not Applicable","N/A",IF(C79="Yes",2,IF(OR(C79="Partial",C79="Compensating Control"),1,0)))) -> 2 | E79: Microsoft corporate endpoint protection (Defender for Endpoint) attestation
A80: 7.2 | B80: Are mobile devices used to access Falcon Freight Solutions data managed via a Mobile Device Management (MDM) solution? | C80: Yes | D80: =IF(C80="","",IF(C80="Not Applicable","N/A",IF(C80="Yes",2,IF(OR(C80="Partial",C80="Compensating Control"),1,0)))) -> 2 | E80: Microsoft Intune MDM enrolment policy
A81: 7.3 | B81: Is centralized logging (SIEM or equivalent) in place to capture security-relevant events? | C81: Yes | D81: =IF(C81="","",IF(C81="Not Applicable","N/A",IF(C81="Yes",2,IF(OR(C81="Partial",C81="Compensating Control"),1,0)))) -> 2 | E81: Microsoft internal SIEM (Sentinel) logging architecture summary
A82: 7.4 | B82: Are system configurations hardened and benchmarked against an industry standard (e.g., CIS Benchmarks)? | C82: Yes | D82: =IF(C82="","",IF(C82="Not Applicable","N/A",IF(C82="Yes",2,IF(OR(C82="Partial",C82="Compensating Control"),1,0)))) -> 2 | E82: CIS Benchmark alignment attestation – Service Trust Portal
A83: 7.5 | B83: If cloud-hosted, do you provide an independent SOC 2 Type II report or equivalent for the hosting environment? | C83: Yes | D83: =IF(C83="","",IF(C83="Not Applicable","N/A",IF(C83="Yes",2,IF(OR(C83="Partial",C83="Compensating Control"),1,0)))) -> 2 | E83: SOC 2 Type II report covering Azure hosting environment
A84: 7.6 | B84: Is infrastructure capacity monitored to ensure availability of services relied upon by Falcon Freight Solutions? | C84: Yes | D84: =IF(C84="","",IF(C84="Not Applicable","N/A",IF(C84="Yes",2,IF(OR(C84="Partial",C84="Compensating Control"),1,0)))) -> 2 | E84: Azure capacity management and autoscaling documentation
A85: 7.7 | B85: Are any legacy or unsupported systems used to process Falcon Freight Solutions data – and if so, are compensating controls documented? | C85: Not Applicable | D85: =IF(C85="","",IF(C85="Not Applicable","N/A",IF(C85="Yes",2,IF(OR(C85="Partial",C85="Compensating Control"),1,0)))) -> N/A | F85: No legacy or unsupported platform components are used to host the Falcon Freight Solutions workload; Azure infrastructure services are maintained on current supported versions.
A86: Section Score – Endpoint, Cloud & Infrastructure Security | D86: =IFERROR(SUM(D79:D85)/(2*COUNT(D79:D85)),"") -> 1
A88: S8 – Physical & Environmental Security (Weight: 6%)
A89: 8.1 | B89: Are facilities storing Falcon Freight Solutions data or inventory protected by defined security perimeters and access controls? | C89: Yes | D89: =IF(C89="","",IF(C89="Not Applicable","N/A",IF(C89="Yes",2,IF(OR(C89="Partial",C89="Compensating Control"),1,0)))) -> 2 | E89: Azure datacenter physical security overview – Service Trust Portal
A90: 8.2 | B90: Is physical access to secure areas logged and restricted to authorized personnel (e.g., badge / biometric)? | C90: Yes | D90: =IF(C90="","",IF(C90="Not Applicable","N/A",IF(C90="Yes",2,IF(OR(C90="Partial",C90="Compensating Control"),1,0)))) -> 2 | E90: Datacenter badge/biometric access control documentation
A91: 8.3 | B91: Is CCTV monitoring in place, with footage retained for a minimum of 90 days? | C91: Yes | D91: =IF(C91="","",IF(C91="Not Applicable","N/A",IF(C91="Yes",2,IF(OR(C91="Partial",C91="Compensating Control"),1,0)))) -> 2 | E91: Datacenter CCTV retention policy (90+ days)
A92: 8.4 | B92: Are environmental controls (fire suppression, power backup, flood protection) in place for facilities hosting Falcon Freight Solutions data/systems? | C92: Yes | D92: =IF(C92="","",IF(C92="Not Applicable","N/A",IF(C92="Yes",2,IF(OR(C92="Partial",C92="Compensating Control"),1,0)))) -> 2 | E92: Datacenter environmental controls documentation (fire suppression, power, flood)
A93: 8.5 | B93: Is media / equipment securely sanitized or destroyed prior to disposal or reuse? | C93: Yes | D93: =IF(C93="","",IF(C93="Not Applicable","N/A",IF(C93="Yes",2,IF(OR(C93="Partial",C93="Compensating Control"),1,0)))) -> 2 | E93: Media sanitization/destruction procedure documentation (NIST 800-88 aligned)
A94: 8.6 | B94: Are visitors to secure facilities logged and escorted? | C94: Yes | D94: =IF(C94="","",IF(C94="Not Applicable","N/A",IF(C94="Yes",2,IF(OR(C94="Partial",C94="Compensating Control"),1,0)))) -> 2 | E94: Datacenter visitor management procedure
A95: Section Score – Physical & Environmental Security | D95: =IFERROR(SUM(D89:D94)/(2*COUNT(D89:D94)),"") -> 1
A97: S9 – Business Continuity & Disaster Recovery (Weight: 7%)
A98: 9.1 | B98: Do you maintain a documented Business Continuity Plan (BCP) covering services provided to Falcon Freight Solutions? | C98: Yes | D98: =IF(C98="","",IF(C98="Not Applicable","N/A",IF(C98="Yes",2,IF(OR(C98="Partial",C98="Compensating Control"),1,0)))) -> 2 | E98: Microsoft Business Continuity Plan summary – Service Trust Portal
A99: 9.2 | B99: Do you maintain a documented Disaster Recovery Plan (DRP) with defined RTO/RPO for Falcon Freight Solutions-relevant systems? | C99: Yes | D99: =IF(C99="","",IF(C99="Not Applicable","N/A",IF(C99="Yes",2,IF(OR(C99="Partial",C99="Compensating Control"),1,0)))) -> 2 | E99: Azure region-pair Disaster Recovery documentation with published RTO/RPO
A100: 9.3 | B100: Is the BCP/DRP tested at least annually, with results available on request? | C100: Yes | D100: =IF(C100="","",IF(C100="Not Applicable","N/A",IF(C100="Yes",2,IF(OR(C100="Partial",C100="Compensating Control"),1,0)))) -> 2 | E100: Annual DR/BCP test attestation – Service Trust Portal
A101: 9.4 | B101: Are backups stored offsite or in a geographically separate location, with immutability protections? | C101: Yes | D101: =IF(C101="","",IF(C101="Not Applicable","N/A",IF(C101="Yes",2,IF(OR(C101="Partial",C101="Compensating Control"),1,0)))) -> 2 | E101: Azure Backup geo-redundant storage (GRS) and immutable vault documentation
A102: 9.5 | B102: Have you experienced a service disruption affecting Falcon Freight Solutions in the past 24 months? (detail in comments if yes) | C102: No | D102: =IF(C102="","",IF(C102="Not Applicable","N/A",IF(C102="Yes",2,IF(OR(C102="Partial",C102="Compensating Control"),1,0)))) -> 0 | E102: Azure Status History – region availability records | F102: No service disruption affecting the Falcon Freight Solutions tracking platform has been recorded in the past 24 months.
A103: 9.6 | B103: Is a redundant / failover architecture in place for services critical to Falcon Freight Solutions' operations? | C103: Yes | D103: =IF(C103="","",IF(C103="Not Applicable","N/A",IF(C103="Yes",2,IF(OR(C103="Partial",C103="Compensating Control"),1,0)))) -> 2 | E103: Azure availability zone / paired-region failover architecture for FFS deployment
A104: Section Score – Business Continuity & Disaster Recovery | D104: =IFERROR(SUM(D98:D103)/(2*COUNT(D98:D103)),"") -> 0.83333333
A106: S10 – Incident Management & Breach Notification (Weight: 12%)
A107: 10.1 | B107: Do you maintain a documented Incident Response Plan (IRP)? | C107: Yes | D107: =IF(C107="","",IF(C107="Not Applicable","N/A",IF(C107="Yes",2,IF(OR(C107="Partial",C107="Compensating Control"),1,0)))) -> 2 | E107: Microsoft Security Incident Response Plan summary
A108: 10.2 | B108: Is there a 24/7 point of contact for reporting suspected security incidents involving Falcon Freight Solutions data? | C108: Yes | D108: =IF(C108="","",IF(C108="Not Applicable","N/A",IF(C108="Yes",2,IF(OR(C108="Partial",C108="Compensating Control"),1,0)))) -> 2 | E108: 24/7 Azure support / security incident reporting channel details
A109: 10.3 | B109: Will you notify Falcon Freight Solutions within 24 hours of confirming a security incident affecting its data? | C109: Partial | D109: =IF(C109="","",IF(C109="Not Applicable","N/A",IF(C109="Yes",2,IF(OR(C109="Partial",C109="Compensating Control"),1,0)))) -> 1 | E109: Microsoft Online Services Terms – security incident notification clause | F109: Microsoft's standard contractual commitment is to notify affected customers "without undue delay" rather than a firm 24-hour SLA; a specific 24-hour notification commitment for FFS would require a contractual addendum.
A110: 10.4 | B110: Can you support Falcon Freight Solutions' regulatory breach notification obligations (e.g., POPIA / GDPR 72-hour requirement)? | C110: Yes | D110: =IF(C110="","",IF(C110="Not Applicable","N/A",IF(C110="Yes",2,IF(OR(C110="Partial",C110="Compensating Control"),1,0)))) -> 2 | E110: Data Processing Addendum – regulatory breach notification support clause
A111: 10.5 | B111: Do you conduct root cause analysis and post-incident reviews following security incidents? | C111: Yes | D111: =IF(C111="","",IF(C111="Not Applicable","N/A",IF(C111="Yes",2,IF(OR(C111="Partial",C111="Compensating Control"),1,0)))) -> 2 | E111: Post-incident review process documentation (internal)
A112: 10.6 | B112: Have you experienced a confirmed data breach in the past 24 months? (detail remediation in comments if yes) | C112: No | D112: =IF(C112="","",IF(C112="Not Applicable","N/A",IF(C112="Yes",2,IF(OR(C112="Partial",C112="Compensating Control"),1,0)))) -> 0 | E112: Azure Trust Center – no reported breach affecting customer data | F112: No confirmed data breach affecting Falcon Freight Solutions data has occurred in the past 24 months.
...

Sheet Scoring Summary
A1: VENDOR RISK SCORING SUMMARY
A2: Auto-calculated from responses entered on the 'Questionnaire' tab
A4: Risk Domain | B4: Weight | C4: Section Score | D4: Weighted Contribution
A5: S1 – Corporate Governance & Certifications | B5: 0.05 | C5: =Questionnaire!D26 -> 1 | D5: =IFERROR(C5*B5,0) -> 0.05
A6: S2 – Data Privacy & Regulatory Compliance | B6: 0.15 | C6: =Questionnaire!D37 -> 0.875 | D6: =IFERROR(C6*B6,0) -> 0.13125
A7: S3 – Information Security Policy & Governance | B7: 0.05 | C7: =Questionnaire!D46 -> 1 | D7: =IFERROR(C7*B7,0) -> 0.05
A8: S4 – Access Control & Identity Management | B8: 0.1 | C8: =Questionnaire!D56 -> 0.85714286 | D8: =IFERROR(C8*B8,0) -> 0.085714286
A9: S5 – Data Protection & Cryptography | B9: 0.12 | C9: =Questionnaire!D66 -> 0.83333333 | D9: =IFERROR(C9*B9,0) -> 0.1
A10: S6 – Network & Application / API Security | B10: 0.1 | C10: =Questionnaire!D76 -> 0.92857143 | D10: =IFERROR(C10*B10,0) -> 0.092857143
A11: S7 – Endpoint, Cloud & Infrastructure Security | B11: 0.08 | C11: =Questionnaire!D86 -> 1 | D11: =IFERROR(C11*B11,0) -> 0.08
A12: S8 – Physical & Environmental Security | B12: 0.06 | C12: =Questionnaire!D95 -> 1 | D12: =IFERROR(C12*B12,0) -> 0.06
A13: S9 – Business Continuity & Disaster Recovery | B13: 0.07 | C13: =Questionnaire!D104 -> 0.83333333 | D13: =IFERROR(C13*B13,0) -> 0.058333333
A14: S10 – Incident Management & Breach Notification | B14: 0.12 | C14: =Questionnaire!D114 -> 0.78571429 | D14: =IFERROR(C14*B14,0) -> 0.094285714
A15: S11 – Subcontractor / Fourth-Party Risk Management | B15: 0.06 | C15: =Questionnaire!D122 -> 0.9 | D15: =IFERROR(C15*B15,0) -> 0.054
A16: S12 – Right to Audit, Insurance & Compliance Monitoring | B16: 0.04 | C16: =Questionnaire!D130 -> 0.9 | D16: =IFERROR(C16*B16,0) -> 0.036
A17: OVERALL VENDOR RISK SCORE | B17: =SUM(B5:B16) -> 1 | D17: =SUM(D5:D16) -> 0.89244048
A19: =CONCATENATE("Questions answered: ",COUNTA(Questionnaire!C19:C130)," of 76") -> Questions answered: 76 of 76
A21: OVERALL RISK RATING | C21: =IF(COUNTA(Questionnaire!C19:C130)<76,"Incomplete",IF(D17>=0.85,"Low Risk",IF(D17>=0.7,"Medium Risk",IF(D17>=0.5,"High Risk","Critical Risk")))) -> Low Risk
A46: Scores will read blank/0% until the vendor's responses are entered on the 'Questionnaire' tab. This tab recalculates automatically as responses are completed.

Sheet Weighting & Vendor Focus Areas
A1: SECTION WEIGHTING
A3: Risk Domain | B3: Weight
A4: S1 – Corporate Governance & Certifications | B4: 0.05
A5: S2 – Data Privacy & Regulatory Compliance | B5: 0.15
A6: S3 – Information Security Policy & Governance | B6: 0.05
A7: S4 – Access Control & Identity Management | B7: 0.1
A8: S5 – Data Protection & Cryptography | B8: 0.12
A9: S6 – Network & Application / API Security | B9: 0.1
A10: S7 – Endpoint, Cloud & Infrastructure Security | B10: 0.08
A11: S8 – Physical & Environmental Security | B11: 0.06
A12: S9 – Business Continuity & Disaster Recovery | B12: 0.07
A13: S10 – Incident Management & Breach Notification | B13: 0.12
A14: S11 – Subcontractor / Fourth-Party Risk Management | B14: 0.06
A15: S12 – Right to Audit, Insurance & Compliance Monitoring | B15: 0.04
A16: TOTAL | B16: =SUM(B4:B15) -> 1
A19: VENDOR-SPECIFIC PRIORITY FOCUS AREAS
A20: Guidance for Falcon Freight Solutions reviewers on which questionnaire sections warrant the closest scrutiny per known vendor, based on the Enterprise Risk Register.
A22: Vendor | B22: Priority Sections | C22: Rationale
A23: TPV-001 – Microsoft Azure | B23: S4, S5, S6, S7, S9 | C23: Cloud host of the shipment tracking platform and core infrastructure; IAM least-privilege, encryption, API security, and SOC 2 coverage are priority controls (RSK-006, RSK-010).
A24: TPV-002 – SAP Logistics | B24: S1, S4, S6, S9 | C24: Warehouse management and inventory software vendor; patch management, access control, and continuity of the on-premise warehouse system are priority controls (RSK-003, RSK-005).
A25: TPV-003 – DHL Partner Services | B25: S2, S4, S5, S10, S11 | C25: Highest-touch PII exposure (customer names, addresses, phone numbers, live geolocation) via the last-mile delivery app; data masking and screenshot-blocking are critical controls (RSK-002, RSK-008).
A26: TPV-004 – PayFast Payment Gateway | B26: S2, S5, S6, S12 | C26: Processes payment card data and billing PII for freight and customs invoicing; encryption, tokenization, PCI-DSS compliance, and audit rights are priority controls (RSK-001).
A27: TPV-005 – SecureNet IT Services | B27: S3, S4, S7, S10 | C27: Manages network monitoring and security operations with privileged access to Falcon Freight Solutions systems; access control, endpoint/SIEM monitoring, and incident response coordination are priority controls (RSK-004, RSK-011).
